"[:content, :author]","[""EFJHIEFHOGFUSEFoHGFUO<HFOF"", ""SQHFDJHESFhESF""]"
"[:content, :author]","[""zfhsqgihfqzaaaaaa"", ""Pierre""]"
"[:content, :author]","[""sdfgbhnj,klm"", ""sdfghjk""]"
"[:content, :author]","[""dfghjk"", ""azsdfgbhnj,k;l""]"
"[:content, :author]","[""ef<fsEFGSQF"", ""szd""]"
"[:content, :author]","[""et<esgqSGGS"", ""eef""]"
"[:content, :author]","[""FEQTETes"", ""AA""]"
"{:content=>""esfes<fgs<eg"", :author=>""pi""}","{:content=>""esfes<fgs<eg"", :author=>""pi""}"
"[:content, :author]","[""efg<segfs<hg"", ""Pierre""]"
"{:content=>""fg<sguo<sghs<ohg"", :author=>""Pierre""}","{:content=>""fg<sguo<sghs<ohg"", :author=>""Pierre""}"
"{:content=>:author, :author=>""1""}","{:content=>:author, :author=>""1""}"
"{:content=>:author, :author=>""Pierre""}","{:content=>:author, :author=>""Pierre""}"
"{:content=>""fgusrqhgHFAA"", :author=>""Pirre""}","{:content=>""fgusrqhgHFAA"", :author=>""Pirre""}"
"{:content=>""rgjieHFGZJF"", :author=>""Pierre""}","{:content=>""rgjieHFGZJF"", :author=>""Pierre""}"
Pierre,je sais pas 
Pierre ,je sais pas lol 
